CUSTOM_CODE,POOL_CODE,POOL_NAME,TOWN_NAME,X坐標,Y坐標,集水區面積
2.01401E+11,58,康湖路大湖橋下,內湖區,311352.94,2774941.7,627
2.01401E+11,59,南深路(174號燈桿對面),南港區,312788.77,2769762.66,162.84
2.01211E+11,043-1,信義路5段150巷499號對面(二池),信義區,307880.423,2768227.626,152
2.01211E+11,44,信義路5段150巷447號對面,信義區,307787.71,2768473.076,186
2.01211E+11,48,南港國宅(一池)(福德街737巷),南港區,309869.337,2770195.558,52
2.01211E+11,49,南港國宅(二池)(福德街737巷與成福路269巷口),南港區,309685.66,2770147.37,240
2.01211E+11,50,南港車站特定區(忠孝東路7段),南港區,311032.53,2771616.28,0
2.01211E+11,51,仙岩路16巷75號(麥田山莊)  (私有),文山區,305556.805,2765475.885,150
2.01211E+11,52,老泉街45巷(混元宮),文山區,307449.369,2763453.891,244
2.01211E+11,53,光輝公園(光輝路30巷旁),文山區,306007.392,2764387.283,450
2.01211E+11,54,木柵路4段159巷194號旁,文山區,308255.18,2766468.935,50
2.01211E+11,55,萬壽路一池(政大國際關係中心對面)(萬壽路64號旁),文山區,308612.15,2764704.42,62.73
2.01211E+11,56,萬壽路二池(21-22燈桿間),文山區,308692.28,2764738.06,46.61
2.01211E+11,57,萬壽路三池(25-26燈桿間),文山區,308833.2,2764783.2,56.4
2.01211E+11,34,大湖山莊街243巷底,內湖區,310494.284,2775920.138,24
2.01211E+11,35,文湖街21巷68弄25-5號,內湖區,306592.883,2775700.303,210
2.01211E+11,46,臥龍街(二池)(和平東路3段642號後方),大安區,306829.791,2767250.003,278.2
2.01211E+11,47,吳興街600巷98弄11號對面,信義區,307662.962,2767806.405,0
2.01211E+11,28,北安路501巷81弄,中山區,304948.37,2775356.654,52.5
2.01211E+11,33,大湖山莊街177巷23號旁,內湖區,310762.806,2775711.179,48
2.01211E+11,022-1,奇岩路(崇仰路口處100米處)下池,北投區,301718.271,2779898.729,35.7
2.01211E+11,11,中社路1段80號下方49號燈桿對面,士林區,306627.999,2777768.13,5.06
2.01211E+11,40,康湖(二)(康湖路與康樂街口),內湖區,312817.05,2774559.89,76.11
2.01211E+11,042-1,聯勤技術訓練中心內(二池),信義區,308179.297,2768355.97,24
2.01211E+11,45,臥龍街(一池)(和平東路3段642號),大安區,306849.216,2767298.391,118.9
2.01211E+11,3,德行東路338巷,士林區,304500.028,2777950.83,300
2.01211E+11,17,住六之六E池(草東街底),士林區,306713.516,2781314.017,420
2.01211E+11,18,住六之六F池(近永公路245巷34弄50號旁),士林區,306548.096,2780613.636,349
2.01211E+11,23,崇仰公園(三池)(公館路255巷19弄旁),北投區,301563.268,2779851.372,330
2.01211E+11,41,康湖(三)(康湖路與康樂街口),內湖區,312796.2,2774603.99,30.23
2.01211E+11,27,石牌路2段315巷,北投區,302623.893,2779676.665,25
2.01211E+11,32,大湖山莊街調洪池(大湖山莊街241號旁),內湖區,310370.644,2775746.667,48
2.01211E+11,12,中社路2段66號電桿對面,士林區,306941.839,2777753.131,4.62
2.01211E+11,1,東山路1巷,士林區,304375.947,2778996.173,216.47
2.01211E+11,2,東山路25巷,士林區,304422.381,2778732.668,293.04
2.01211E+11,4,玉漕坑溪(中山北路7段14巷53弄2號對面),士林區,303804.255,2779264.976,385.2
2.01211E+11,5,猴峒坑溪(上游臨福橋處),士林區,305503.062,2777311.809,59.28
2.01211E+11,6,猴峒坑溪(下游至善路口),士林區,305511.796,2777024.77,650
2.01211E+11,7,中社路1段11巷口,士林區,306473.077,2778172.1,23.76
2.01211E+11,8,中社路1段36巷口,士林區,306483.976,2778043.531,10.2
2.01211E+11,9,中社路1段派出所對面,士林區,306484.749,2777992.149,0.63
2.01211E+11,10,中社路1段61巷口上方10米處,士林區,306534.99,2777834.82,11.31
2.01211E+11,13,中社路2段95棟下方84號燈桿對面,士林區,307397.877,2777767.661,8.12
2.01211E+11,14,住六之六A池(富館街底),士林區,305953.099,2781242.252,354
2.01211E+11,15,住六之六B池(富館街底),士林區,305979.729,2781373.13,912
2.01211E+11,16,住六之六D池(建賢街富館街口),士林區,306455.073,2781160.634,1975
2.01211E+11,19,住六之六G池(近永公路245巷34弄262號對面巷底),士林區,306705.754,2780622.908,214
2.01211E+11,20,士林官邸北側沉砂池,士林區,303671.419,2776536.654,0
2.01211E+11,21,公館路350巷對面(公車站旁),北投區,300898.752,2779500.566,156
2.01211E+11,22,奇岩路(崇仰路口處100米處)上池,北投區,301718.271,2779898.729,35.7
2.01211E+11,24,致遠三路160號旁,北投區,301309.334,2779371.648,210
2.01211E+11,25,北投藝術大學西南側,北投區,297081.064,2780294.501,201
2.01211E+11,26,石牌路2段343巷,北投區,302804.934,2779654.597,120
2.01211E+11,29,北安路759巷793號前,中山區,305812.716,2775448.165,64
2.01211E+11,30,通北街65巷14號對面,中山區,304400.18,2775172.304,25
2.01211E+11,31,通北街161號對面(通北街165巷),中山區,304219.223,2775720.808,52.5
2.01211E+11,36,內湖路3段256巷5號,內湖區,309286.644,2775787.754,308.91
2.01211E+11,37,康寧醫院大門前,內湖區,311397.837,2774322.331,130.5
2.01211E+11,38,富邦湖濱特區(成功路5段450巷22弄對面),內湖區,311320.812,2774313.677,130.5
2.01211E+11,39,康湖(一)(成功路5段與康湖路口),內湖區,311230.86,2774984.53,30
2.01211E+11,42,聯勤技術訓練中心內(一池),信義區,308104.961,2768365.807,24
2.01211E+11,43,信義路5段150巷499號對面(一池),信義區,307904.913,2768204.345,26.4
2.01804E+11,60,信義快速道路近文山隧道南端出口,信義區,308682.916,2766813.908,281.6
2.01804E+11,61,大溝溪生態治水園區(大湖山莊街243巷口),內湖區,310353.993,2775766.115,45900
2.01804E+11,62,金瑞治水園區(內湖路3段348巷),內湖區,308753.466,2775976.188,7500
2.01804E+11,64,憲兵營區(辛亥路4段188巷-202巷對面),文山區,306170.476,2766187.624,4040
2.01804E+11,63,文山運動中心北側用地(興隆路3段222號北側),文山區,306451.802,2765596.755,790
